oid,tp,slope_at_tp,L50,M_Ni,E_exp,nobs,tobs
ZTF25acfgotd,61.41884834971279,-1.9481413083901074e+40,5.652862716000558e+41,0.0986292273643414,1.9901683650402197e+49,14,78.98444439982995
ZTF25acdheca,95.44407989969477,-2.7047760365385362e+42,5.183676370496887e+42,0.9515678401747406,3.095524058324812e+51,33,107.88285879977047
ZTF25acbxwck,61.90111109986901,3.080211555466355e+39,1.0109555998297469e+42,0.20288309483923514,5.762051279300542e+49,12,65.91236109985039
ZTF25acberoe,64.42398145026527,2.714956245795255e+39,1.3125107479193389e+42,0.3211349278485982,9.650079681109038e+49,4,107.87569440016523
ZTF25acargjq,63.87612270005047,7.446942819934677e+38,8.09645409786751e+41,0.08469163297353068,4.87736114062973e+49,25,99.8139583999291
ZTF25abzswyh,66.83726849989034,-2.493517422383028e+40,2.1986808079071262e+42,0.2829215222580997,3.2704836713277668e+50,22,87.84366899961606
ZTF25abzklfa,79.97339699999429,-1.0055687422378926e+42,1.7500877265340995e+42,0.37722852938086165,2.689690783826273e+50,37,83.94629629980773
ZTF25abxxkod,60.01708335010335,-4.605773151667531e+40,1.2700516743912357e+42,0.15394726087541655,9.526140558046226e+49,28,89.94844909990206
ZTF25abubydw,85.77074075001292,2.8564172498134144e+40,5.198271246476573e+42,1.9038776626414962,2.0510594653596388e+51,19,86.76031249994412
ZTF25abxcktl,100.42626734962687,-6.580346750947744e+41,1.8384937652015785e+42,0.1409720574484048,6.341182033042037e+50,46,101.95622679963708
ZTF25abxcfzb,65.43550925003365,-7.715136093789617e+38,3.52320805576549e+41,0.05095614963038697,9.900893727020832e+48,12,67.94476850004867
ZTF25abwwabv,63.78712374996394,1.6856962942005666e+41,1.4424592769478887e+42,0.28285561410039245,1.1995353431727069e+50,21,64.7472337000072
ZTF25abwkiga,65.90713540022261,1.3754258171255924e+41,-1.5432825917582545e+42,0.1283784918691058,,25,70.83613430010155
ZTF25abtieic,99.82508680014871,-2.1980868817704314e+40,1.349416833877139e+42,0.17508941850751641,3.0328526225226354e+50,28,110.74785879999399
ZTF25absindv,78.36123259994201,-1.0429092741939088e+39,1.8476868137959445e+42,0.022879300364999404,6.3480374596783225e+50,18,85.76700229989365
ZTF25abphhyk,97.25598959997296,-2.209783582542716e+40,9.086676262247296e+41,0.10858503561897738,1.4040144195399534e+50,29,101.75165509991348
ZTF25ablvnyr,69.42808449966833,2.8579570337709313e+41,6.7621263989333435e+41,3.391691878562057,1.4033059729957756e+49,20,107.86256939964369
ZTF25ablihfx,61.88528350018896,1.0162364142243917e+42,-3.2927329728554003e+43,0.13534683859911356,,25,78.87460640026256
ZTF25abibtdm,60.45192704978399,-1.862168943545003e+42,6.2472254370850215e+41,0.02647828456347837,3.448700855872476e+49,32,79.99798609968275
ZTF25abiiuxz,65.81645249994472,-9.64028106839475e+40,5.055752189963361e+42,0.6524035570688572,1.4990104483959544e+51,16,77.75696749985218
ZTF25abeefof,101.29766199993901,-1.4075505404612448e+40,2.2124449713350134e+42,0.31564768930758086,7.668629231442265e+50,37,106.72993050003424
ZTF25aawngni,62.873524349881336,-1.867174545149089e+41,5.781660651497169e+42,0.5638439664452082,1.8930437801017267e+51,32,100.88403939967975
ZTF25aawdpdu,64.81969325011596,-6.382827226279792e+42,9.519780942358642e+41,0.17916683474428702,5.773748239131677e+49,59,101.81474540010095
ZTF25aauhbec,60.943032450275496,-1.6209675979428755e+40,1.8429766418447084e+42,0.1841383975126874,2.0814806911628487e+50,15,67.95130790024996
ZTF25aatqacd,74.89548034989275,-5.197999368944864e+40,1.9397998583376748e+42,0.2582399974510732,3.25253493785198e+50,26,86.92721069976687
ZTF25aarzwve,60.38467015023343,-1.8888386529864358e+40,4.976119565456338e+42,0.6348652835135613,1.2192375720061623e+51,25,68.843217600137
ZTF25aaqqjud,108.859091399936,-9.282065319145078e+42,3.253138392659532e+43,20.716126780607645,8.89085557622481e+52,44,208.724386499729
ZTF25aaoxrmn,134.27475119987503,-4.036438729236083e+39,1.6813414120344743e+41,0.03565443101930322,1.0040453074740172e+49,59,180.6510763997212
ZTF25aanmnao,64.90484380000271,-2.1991877569251904e+41,5.780587270345558e+42,0.716961152655016,1.890812370194111e+51,36,178.6349189998582
ZTF25aalyfoi,61.714623800013214,-3.0596323785909733e+40,1.2368859171248514e+42,0.1735672841264751,9.225173902055439e+49,19,69.72359950002283
ZTF25aalpzgd,63.39705440029502,-2.545314752055057e+40,1.973450015753661e+42,0.19545200550967815,2.575021968075415e+50,21,68.89750000042841
ZTF25aajqtfg,61.99668405018747,-4.885225828789918e+43,8.44845153822203e+41,0.09699997285427753,4.833521438551287e+49,26,93.8662384999916
ZTF25aaixhor,65.99155679997057,2.8319350355438156e+40,6.579105970331736e+41,0.1272995814947416,2.98277914809969e+49,12,66.96892370004207
ZTF25aaggkxk,95.77476855018176,-1.5756532454662295e+41,1.887666903723485e+43,17.182350974312932,2.2266944452760115e+52,36,359.0154166999273
ZTF25aafrcem,61.538292849902064,2.901249386881756e+40,2.3704790478643928e+42,0.426772260145532,2.882678311570833e+50,16,72.00025459984317
ZTF25aafejer,64.36666089994833,-1.3640616655334961e+42,2.8813454158922876e+43,-0.7786966212730922,,57,162.68590279994532
ZTF25aabaanf,140.78604750009254,-5.11208114106248e+40,1.701793963697176e+42,0.4078725307747741,8.084990251199889e+50,29,142.6878587999381
ZTF25aacdilx,97.99120364990085,-6.239474932216549e+39,3.179454573263775e+41,0.03641312082143725,2.029894348201312e+49,15,102.00649299984798
ZTF25aacbtmd,97.01304980018176,-6.5515584398224465e+40,1.5266468578261074e+42,0.19583430779373925,3.6091380115559557e+50,23,98.02653940021992
ZTF25aacbsyi,62.37532989983447,-5.436343126395599e+42,-7.501069744041031e+43,0.09279009159082938,,28,97.91586809977889
ZTF25aabxywm,96.8617361499928,-2.5601181922960513e+40,4.921776801629379e+41,0.06565171969251113,4.294309247821298e+49,22,97.91783569986
ZTF24acaeozu,83.37591439974494,-1.1414564725661978e+41,-7.071260209735342e+42,0.5936665485683684,,32,83.8342129997909
ZTF24abutkox,74.74331020005047,-7.358303245050222e+43,7.227685358846244e+42,0.6746222213168366,4.1747754542534195e+51,33,107.74298610026017
ZTF24abszcqd,80.93490159977227,1.3436462886358333e+40,2.0882146127841048e+42,0.15818661846535578,5.140691006027227e+50,13,82.97123839985579
ZTF24absbvbs,65.94431709987111,1.1341497560144524e+44,-2.46338190877792e+42,0.13967911180342857,,27,66.94039350003004
ZTF24abqndnz,109.29438080010004,-1.6037614794927576e+40,3.0785124572694902e+41,0.09077010156549753,1.8426394582266454e+49,5,111.30035880021751
ZTF24abqwodi,62.89156825002283,-3.367772426097828e+39,5.469716545099047e+42,0.7233026508354435,1.5681787991209812e+51,9,64.94266200019047
ZTF24abowptn,60.90831594984047,1.1566243907531626e+41,3.1166472924907807e+41,0.6055456039009212,3.274905104012237e+48,12,64.95504629984498
ZTF24aboqfdy,68.82615159987472,-9.623864951873873e+40,3.6840361474908985e+42,0.6489598137718856,8.351899425066166e+50,34,133.77193289995193
ZTF24abnepdg,66.77718749991618,2.5041772461608973e+39,1.03661570663867e+42,0.14698789946691426,7.798401033890586e+49,15,75.75961800012738
ZTF24abltwsk,66.35462390026078,-6.905250210006694e+40,1.1725773207148738e+42,0.1036665400125162,1.1057826562868505e+50,12,76.79599540028721
ZTF24abmuhbu,86.88999419985339,-4.143594014986638e+40,1.963168954743568e+42,0.17548792663768237,5.073055911138233e+50,13,90.90039349999279
ZTF24ablxiwv,72.8198495497927,-1.569735393118704e+40,2.0079578244204485e+42,0.2244316401272297,3.435402228048682e+50,21,73.78322919970378
ZTF24abihsvi,79.36027195001952,-7.663428518178704e+40,1.5031313555372424e+42,0.10228282850423023,2.7511535600178754e+50,8,79.82506940001622
ZTF24abibcib,97.78567709983326,-3.887194007244938e+39,1.353236203034972e+42,0.29105173598266815,2.534804080694995e+50,18,104.74518519965932
ZTF24abgvkwg,78.4205150497146,-3.6116469364187526e+40,1.3552598631035296e+42,0.10957999718280503,2.1072313424094855e+50,18,80.94070599973202
ZTF24abgoksi,84.39399305009283,2.4935683757430433e+40,1.3936192647508185e+41,0.007765412734417553,3.893076737745481e+48,29,113.99862259998918
ZTF24abeebbl,77.43255205010064,8.183121439287857e+41,5.637571631958818e+42,1.523651667920753,2.0983453698794713e+51,44,80.93314810004085
ZTF24abcbmug,72.94651620020159,-7.815316013227739e+41,-8.153761770092702e+42,0.15327402612622032,,40,103.78423610003665
ZTF24aayncet,116.91040505026467,-2.0526207567802444e+41,5.330245941938278e+42,0.44033136322749156,6.232693406593347e+51,19,117.92297450033948
ZTF24aazjdml,77.93288774997927,1.8441903376256144e+42,5.161025285707753e+43,0.12887748570857904,4.939641747505252e+53,44,78.92978010000661
ZTF24aaxyrrd,71.7980150997173,-7.511016464851326e+39,8.751312151031373e+41,0.14864878473191015,6.287805601171088e+49,30,91.94283569976687
ZTF24aavyicb,97.80300930002704,1.0979456268519519e+39,2.5073573831323043e+42,0.7329261374140463,7.3642091141862e+50,30,99.79241900006309
ZTF24aarxxmm,128.84306134982035,-8.489090465251494e+40,1.1054026637834385e+43,2.7550164818846294,2.1897014044126126e+52,48,197.67146999994293
ZTF24aaqpnyq,65.46073494991288,-1.4237566970687116e+41,6.663048653136652e+42,0.4030616542244457,3.068750421757223e+51,42,165.800937499851
ZTF24aapexhw,61.37954860017635,4.3325765714856434e+41,4.4767818730994056e+42,2.0627165876900686,7.227519732186382e+50,23,72.90618060017005
ZTF18abwisaz,62.885804400080815,-6.85547370055823e+39,1.3397083563945063e+42,0.14843976140991444,1.190028910324134e+50,20,88.8736920999363
ZTF24aaplfjd,77.89877310022712,-6.124344777102944e+39,4.007461220745892e+41,0.05321167013294694,1.857256597580904e+49,24,81.92113420041278
ZTF24aaooxcd,63.44354745000601,-9.221993195309259e+39,3.262044966557173e+42,0.5533496932804999,5.671901311812757e+50,15,69.92076390003785
ZTF24aakghyl,66.77678820001893,9.245830844399187e+40,5.370821329378882e+42,0.5782318189956953,1.8198301439729633e+51,34,85.81224530003965
ZTF24aaijsxa,66.98494215030223,-5.32428708721933e+40,7.778291073710013e+41,0.10614100008501354,4.63970374052318e+49,26,119.86342590022832
ZTF24aahwcei,60.007332149893045,6.781851137361301e+41,1.965995750771627e+42,0.6768468571100393,1.6080638359993551e+50,16,61.0057639000006
ZTF24aahestt,64.87140044989064,-8.147795457133811e+39,8.014082267872764e+41,0.08232721972401759,4.96740058269896e+49,10,70.83298610011116
ZTF24aahgkxm,71.41631369991228,-3.9305359404916624e+40,1.6369015605112086e+42,0.16724072607834312,2.309272146210966e+50,18,73.91856489982456
ZTF24aagupsf,69.89484949992038,-5.902638577625441e+40,1.562606021461035e+42,0.09108212930433796,2.3685485002416214e+50,25,81.93773139966652
ZTF24aagiwoi,68.77040505013429,-1.4564474897579228e+43,1.3740634645599649e+42,0.10944119914491858,1.6499647352483146e+50,23,70.8299074000679
ZTF24aaerzgo,83.88372099981643,-4.2761294628935175e+39,2.5140446488169127e+41,0.02422087806453721,9.927457834814778e+48,10,86.91850689984858
ZTF24aadecbb,112.77405674988404,-1.6335493920144673e+41,1.4620456271016925e+42,0.1259730649248768,5.098327840536547e+50,14,113.73114589974284
ZTF24aaaieeg,67.0391840999946,-1.3330644890399794e+40,1.037959257429428e+42,0.10790197272065094,8.597267200234365e+49,15,109.96375000011176
ZTF23abqkppm,107.33756369980983,-1.0380713432994646e+40,3.433203654600715e+41,0.0633404324231573,2.480355073678413e+49,23,115.83177089970559
ZTF23abpydvb,64.94734955020249,-1.280006852442986e+41,6.776742272524887e+41,0.12817557668115195,3.0684109149675105e+49,20,111.78736109985039
ZTF23abkdzxh,60.42192705022171,3.5255805201183516e+38,1.0987980704146116e+42,0.13018088541957404,7.418160955826316e+49,24,61.98883100040257
ZTF23abccimv,61.904201349942014,-2.3973929280224877e+40,9.351485996355753e+41,0.08602003743711323,6.197984335743218e+49,25,93.85708329966292
ZTF23abbtkrv,60.005491900024936,6.325935634184064e+42,1.4053439108653998e+42,0.18723194283532452,1.1203869897847227e+50,19,61.99719909997657
ZTF23abaeenk,131.80126159987412,1.0441488261264257e+40,1.4988023920759282e+42,0.8221755147732468,4.406164097247634e+50,30,159.7707408000715
ZTF23abbccir,62.36433454975486,-5.4194982543280795e+39,6.682403033808389e+41,0.07122136753269372,3.224306116818427e+49,26,90.88949079997838
ZTF23aazltms,61.98032405017875,-1.2018701069345433e+40,8.347599928517217e+41,0.06449071396015392,5.277860984661323e+49,10,64.00245370017365
ZTF23aaxtmrr,86.93112265039235,-1.503119639845407e+44,-1.7498916948637653e+42,0.22816889254259473,,68,123.77534720022231
ZTF23aaxchnm,125.72816550009884,-1.7849638470099265e+42,7.576048824376144e+41,0.34563936209789325,1.1752820049091062e+50,42,183.71302089979872
ZTF23aavvdix,73.95693869981915,-1.7197675185585855e+43,5.782530633285267e+41,0.06822055259249912,3.4163944604527025e+49,51,80.01798609970137
ZTF23aaquhaz,84.7720197502058,-3.25893131197079e+39,7.745610584591689e+40,0.0026988217118591824,1.4960248995546865e+48,38,100.80084490031004
ZTF23aanexof,76.96560760005377,-5.193512562117174e+39,1.3893069349250725e+42,0.19676335878888943,1.8141473633683111e+50,18,82.96648140018806
ZTF23aamskdj,140.79521410004236,-8.91381725031608e+39,1.40538951317436e+42,0.5794414512935323,4.858720720854737e+50,53,191.7520138998516
ZTF23aamsarj,64.49693865003064,4.007182711343487e+40,1.7783283946274566e+43,0.2092967765319191,2.94413992122653e+52,47,82.98474540002644
ZTF23aakcbfv,75.90896415011957,-1.8580004476258933e+39,2.7893890961737536e+41,0.03374316700748624,9.178132180395647e+48,24,88.9549652999267
ZTF23aajkfls,105.84148149983957,-7.962124951709673e+40,3.374894018415383e+42,0.2001308043024612,2.3653226139230933e+51,37,106.85616899980232
ZTF23aajucmw,107.87784725031815,-3.2373166113312616e+41,1.8432070844740946e+43,2.0947176388104647,4.891020415149999e+52,37,135.77885420015082
ZTF23aaejumk,71.90399885037914,-1.40784760924053e+39,6.760695976533433e+41,0.07524671487382692,4.3840514604886615e+49,18,76.88968750042841
ZTF23aadruma,72.33601269987412,-1.0197317102065503e+40,1.02731132057117e+42,0.06000775622095916,1.1618455085143663e+50,8,84.78687499975786
ZTF23aadbbxv,65.55261570005678,-1.9696955036492325e+41,8.373348166171182e+42,0.46163604717986884,4.840310226363718e+51,13,69.00012730015442
ZTF23aacrvqj,85.33405089983717,-3.3042896523445566e+40,2.432858833590266e+42,0.17351893741613422,7.76853015741007e+50,20,99.88408559979871
ZTF23aacjetk,60.946817150106654,-2.0705210260085568e+40,2.1396789395267517e+42,0.2373608008218573,2.6718181958153096e+50,9,65.9276389000006
ZTF23aacfkak,64.888072950067,6.733253718460668e+40,-2.287160619165258e+42,0.4302892110402859,,11,77.86490740021691
ZTF23aacdlsh,99.84053240017965,-2.4060075786005077e+40,9.668139243211802e+41,0.10278290961026999,1.7207960126138628e+50,26,106.94057870004326
ZTF23aabutcv,64.87918985029683,2.6116839402232925e+39,2.9059407872693634e+42,0.350566229276794,5.2688613429566886e+50,11,65.89987270021811
ZTF23aabutzu,105.86663775029592,-3.063829094866266e+43,2.9777734089403954e+43,137.63179078576104,4.081777491032764e+52,74,261.6537616001442
ZTF23aabbrdb,67.38688080012798,-4.4417632717732726e+39,9.290983514893846e+41,0.09569777223222031,7.084269315510864e+49,10,75.90508100017905
ZTF23aaawatw,83.92402199981734,-3.445773015251884e+42,6.014434002487207e+43,157.85291526610257,1.0940718716364293e+53,26,174.66900460002944
ZTF20acwflza,77.39237270015292,-2.0406209743208713e+42,4.0580784490502467e+42,10.676319252174423,5.997663870477927e+50,17,150.7502200002782
ZTF22acahury,70.92450235015713,-3.676362859542853e+40,1.8613818836388134e+42,0.09459234859208938,3.5186979821035922e+50,11,80.95908570010215
ZTF22abyokkf,117.79612275026739,-1.6776670837146285e+40,1.505667137628884e+42,-2.615146655415155,,21,173.7424885001965
ZTF22abxgnre,79.8454977502115,-1.5577623800902112e+39,2.1692614263262097e+41,0.032288104316464575,6.018270293182963e+48,8,84.85730330040678
ZTF22abvaxqi,64.93403935036622,3.1806283850540096e+40,2.037172515354107e+42,0.681712287010961,2.042975920873286e+50,9,76.89587960019708
ZTF22abunrdy,134.7926099500619,-5.577473475232221e+40,2.3713487373866692e+42,0.24321099513217526,1.7399896260611916e+51,17,193.73697920003906
ZTF22abtcphd,68.82095490023494,-1.211329761408162e+40,9.340536016847102e+41,0.09518582870083234,7.499500770275088e+49,13,74.76805560011417
ZTF22abtcsyd,81.50558455009013,-9.452448990683051e+39,1.4056980195498584e+42,0.10378101777671872,2.5087180295587923e+50,10,121.87909730011597
ZTF22abtcyhv,80.86524305003695,-1.1463412843778127e+40,6.519719670146698e+41,0.04209980024073221,6.099516929328825e+49,26,215.7072800998576
ZTF22abnejmu,66.94579290016554,-1.284976703188914e+40,2.3699498257210605e+41,0.010426779628399965,6.909474874526532e+48,12,67.92284730030224
ZTF22abmsaxp,105.75597224966623,-1.8683097320368882e+40,1.3234032619937642e+42,0.11942454165572855,3.652836170075706e+50,21,107.75206019962206
ZTF22abkkhao,121.76461230008863,-2.2633679731713696e+39,5.037414904118812e+41,0.0554969151195128,7.634340258807992e+49,29,128.7264698999934
ZTF22abjzweh,66.94567705015652,-3.730201091028156e+41,3.903996298180681e+43,2.5255694202619074,8.580002323474076e+52,21,80.90586800035089
ZTF22abhuvqj,64.85165510000661,-4.0299752094345223e+42,-2.33690618659853e+42,0.15129929518202528,,41,87.77054399996996
ZTF22abgveih,67.91671869996935,-1.6322404158404113e+40,8.086826747855684e+41,0.030484986285667384,7.362522437772789e+49,26,191.71309019997716
ZTF22abfzdkz,61.94316549994983,-7.71548357001263e+39,2.5415604232198417e+41,0.2933870588005497,2.6812077508460724e+48,32,128.78835649974644
ZTF22abfavpu,74.84198499983177,-4.3736335880806867e+43,1.0741774771668236e+41,0.05232587837891551,1.014725391533886e+48,53,83.82861110009253
ZTF22abewvtv,81.95281249983236,-2.8790788846923556e+40,1.730988838327834e+42,0.17058567852384254,3.4528221118848262e+50,24,96.86914349999279
ZTF22abcfics,66.3655266999267,1.9171894242169238e+43,2.0451069149833652e+42,0.132386155186164,3.411803009936621e+50,38,67.84901629993692
ZTF22abbiwrr,61.960231449920684,-1.9549496305226776e+40,1.6758662087564787e+42,0.17892727659670227,1.7710263605691401e+50,26,102.82090270007029
ZTF22abaegxq,61.36729170032777,-1.835047054045323e+43,1.3985917679580164e+42,0.13746587047329678,1.2671435221916183e+50,53,102.81203710008413
ZTF22aazjiam,105.81959489989094,-8.753573783770065e+40,6.14563891570017e+42,0.5817331022941006,6.354582873767002e+51,24,107.77714119991288
ZTF22aazjqtu,84.92251734994352,-1.6732322486251443e+40,9.423187156996145e+41,0.0897615450252461,1.2058642510899284e+50,21,85.95422449987382
ZTF22aawptbl,72.94221645011567,-3.6806312692864274e+40,4.1832950057516175e+42,1.2371268057503497,1.0342719267850488e+51,18,144.82883100025356
ZTF22aaspkif,83.80704279989004,6.899828430177912e+42,5.720735092909195e+42,7.935800233598026,1.609536032329167e+51,21,84.83881939994171
ZTF22aasojye,113.91028934996575,-5.225988988360809e+40,6.233893025754442e+41,0.08517680243920357,9.309497506431599e+49,36,114.8580323997885
ZTF22aaoxhuh,76.43564814981073,-2.7189491066471244e+39,3.3427174973987446e+41,0.043576826974664896,1.278634354564485e+49,22,90.89236109983176
ZTF22aaokebo,73.48894095001742,-5.026464431482118e+40,2.839516228343397e+42,0.2423180606296088,7.214579670330952e+50,24,75.0259606000036
ZTF22aakaygk,62.50765045010485,-9.274464564013202e+40,1.6210815820428498e+42,0.14955696603957971,1.7660836574739837e+50,36,108.88753470033407
ZTF22aajlsrh,66.36388310021721,-7.836846364319625e+39,4.567924878335641e+42,0.3902792625385448,1.416284656706148e+51,27,129.7668750002049
ZTF22aahibvx,61.324369200039655,-4.515002458514369e+41,5.8194786056244404e+41,0.14019012728534896,1.9135107440089604e+49,47,72.77179400017485
ZTF22aahhgfx,62.82566544995643,2.6367717424808586e+40,-2.8246713135681414e+41,0.0032286280901845637,,22,68.81605320004746
ZTF22aafsqud,84.89375585038215,-2.376223684902461e+40,9.355712739805517e+41,0.10060978619740324,1.1492461592801487e+50,30,85.8951505003497
ZTF19abkxeft,71.55792824993841,-1.3705606567501382e+40,1.8089024396737146e+42,0.21023364154342916,2.695631256426491e+50,17,81.99840279994532
ZTF18aaqkywr,61.76440389966592,1.207881768902013e+43,1.0728699243193555e+42,0.13741275896744318,7.267770778770611e+49,32,79.7684374996461
ZTF22aaagrqi,84.67056135018356,-2.1734008972451936e+40,-5.037177193027427e+43,-0.6514354287559085,,15,230.2723148004152
ZTF22aaafpbi,75.44614579970948,-4.299401506074239e+40,1.2147231248745747e+42,0.06966765102154827,1.7440045006727207e+50,13,78.9478587997146
ZTF22aaaehzu,105.89141790010035,-1.1931674350442404e+40,6.103829883950697e+41,0.030349529459343664,1.019659824277848e+50,31,161.84480330022052
ZTF22aaaepmu,77.80342590017244,-1.0878882506848152e+40,1.3612689171982343e+42,0.1352774701622606,1.972635070157685e+50,15,78.77820600010455
ZTF21acpuooz,87.83348384965211,-1.28591606309019e+40,-5.568331419466623e+42,0.13238496239024047,,5,88.83408569963649
ZTF21achakto,115.81124425004236,-3.047321034815584e+39,3.484275571596274e+42,0.7416082808064965,2.1189052315611668e+51,10,116.89648150000721
ZTF21abzciqh,76.77014469983988,2.2418664836304334e+42,7.242344331094194e+42,76.2917571949272,1.179950925735634e+51,23,85.77407409995794
ZTF21abvcxid,65.84013310004957,6.146001946699161e+40,1.1524897155319074e+42,7.899591036372416,3.115524461755674e+49,20,83.83997680014
ZTF21abvbdyr,71.418628399726,-3.516016293720077e+40,1.0702107856843458e+42,0.05016183058522746,1.2987196718138917e+50,13,72.87577539961785
ZTF21abptxfk,69.36884835013188,1.7348878806528267e+41,5.453237923075484e+42,2.2485303755793793,1.3921211611089356e+51,27,74.86123839998618
ZTF21abouxex,103.89814815018326,-1.329012102603841e+44,1.079014663297634e+42,2680.5082412996735,1.3733108888519432e+49,266,1645.7450116002
ZTF21abkoccb,87.85544559988193,-1.01655946287034e+41,6.472468172947254e+42,2.054142306303571,3.3811307869240245e+51,30,88.85864580003545
ZTF21abkggoa,104.73789929994382,-4.015426518773947e+40,2.511251694810748e+42,0.12466762806094403,1.4002009759715846e+51,18,110.76057869987562
ZTF21abiblpl,61.861695599975064,4.069601398778058e+38,1.0825493511071494e+42,0.14632503487563175,7.304112857503899e+49,28,97.80668979976326
ZTF21abczimc,75.37852430017665,-2.2336418143257553e+40,1.8689846364393837e+42,0.14601727376000223,3.5702672100616655e+50,20,88.85499999998137
ZTF21abcjpnm,64.9251967498567,-7.536933081879693e+45,2.8214964660767414e+42,97.93292706032746,1.0231188820643497e+50,48,142.82638889970258
ZTF21abbvvmf,148.73888309998438,5.95466591475239e+41,1.0613903227996939e+44,0.24377432956779976,7.512124841573307e+54,15,197.2115046000108
ZTF21abbomrf,61.98212965019047,-6.528059586931729e+39,4.083902794310702e+41,0.05118171726489769,1.212458916586225e+49,33,89.94862270029262
ZTF21aazybsh,62.92603589990176,-7.520483230056042e+40,2.347262570969132e+42,0.20128008421292687,3.649694901715081e+50,25,63.851701399777085
ZTF18aawgrxz,60.90123844984919,-1.9063561253046904e+40,8.481872373065478e+41,0.09466221012329051,4.728506712192935e+49,21,88.88131950004026
ZTF21aaxxoei,63.47471065004356,-2.620006112492444e+43,1.614330837881164e+42,0.19818525001370182,1.6704217505348282e+50,54,89.92712960019708
ZTF21aaukcog,61.99241319997236,2.889183478381035e+42,2.266361609674405e+42,2.0312195781273017,1.717335312765075e+50,21,62.92103009996936
ZTF21aapjphz,81.79907989990897,-5.318384252591066e+39,8.710474871377239e+41,-2.0765524207668493,,18,433.81170139973983
ZTF21aanzcuj,99.94994214992039,-2.4857361555061568e+40,1.0205580312034761e+42,0.13740507627636644,1.7860265804213234e+50,33,100.8898843000643
ZTF21aanwmxn,70.98114009993151,1.4542623979096305e+40,2.779330311022848e+42,1.3870494525984,3.931313510938818e+50,23,85.91489590005949
ZTF21aantsla,60.04179979977198,-1.6981754678781676e+43,6.990216983141594e+41,0.08225153215876406,3.1511734084900965e+49,69,103.98605330009013
ZTF21aamzuxi,77.9742940000724,-7.667199888233033e+40,2.2507704660293917e+42,0.20813758196254548,5.1729678298563955e+50,26,79.00162040023133
ZTF21aamwqim,60.30825234996155,-1.3951662992421452e+40,4.162831455676104e+41,0.04110662071172222,1.2685853006498936e+49,7,65.7751042000018
ZTF21aalodzw,69.90541660017334,-2.447312606583719e+41,5.065498629102887e+42,0.5442361336437979,1.7963053679471566e+51,15,82.94079860020429
ZTF21aaiaqhh,62.77552084997296,-6.291279313626865e+40,-8.014575425286205e+45,0.07419355660491021,,27,91.80855319974944
ZTF21aagywrb,119.82638314994983,-7.770982313529002e+40,4.834387703465158e+41,0.13156481831309205,5.307127611605109e+49,23,120.84452549973503
ZTF21aagtqna,118.83132524997927,-1.28890666645992e+41,1.0625893766463486e+42,0.09638074626121282,3.0888466372319777e+50,30,119.85451389988884
ZTF21aagtekf,60.38053814973682,4.1134644469123995e+41,2.864432801481584e+42,0.8093660702129714,3.4777149371740097e+50,34,68.78965270007029
ZTF21aadoizf,60.923975749872625,-1.0181534671755214e+39,1.3124137660557794e+41,0.03210180215276569,1.1635364583326253e+48,26,97.84047459997237
ZTF21aabjesm,98.42766779987141,-1.0808423863876181e+40,1.398443123600866e+42,0.18156431687329316,3.1472015862026244e+50,26,100.89905089978129
ZTF20adaduxg,60.4086226997897,3.382904846781236e+42,1.2645805621542244e+42,0.135630625950788,9.912855668327767e+49,38,75.88993059983477
ZTF20adadlqv,60.49001735006459,5.838307603436373e+42,5.466125579387561e+41,0.08970150052388008,1.841842580635147e+49,41,65.9569907002151
ZTF20acxtgek,91.83228005026467,-1.212019507491088e+40,7.158062581713512e+41,0.04761627996198213,9.39620531948619e+49,19,128.8106944002211
ZTF20acvjlev,78.3296238000039,-1.4537488714304684e+42,1.9432120234874134e+42,0.14503815131129894,4.214302303507757e+50,59,118.86614579986781
ZTF20acveadu,62.84292245004326,-1.3397046111763672e+40,5.641425434140537e+41,0.0639836821952873,2.3465939507235143e+49,21,89.79601849988103
ZTF20acvezdt,110.76062500011176,-3.669560909791941e+40,2.6167596080780146e+42,0.18436946222055206,1.5408971472135077e+51,30,117.73129629995674
ZTF20acufmte,81.91677084984258,-1.0530426605488422e+41,2.1552381016548543e+42,0.1776523971614274,5.461733248593452e+50,21,82.92563659977168
ZTF20actnzxm,72.90366894984618,1.2760352996219514e+40,9.070460427234761e+41,0.12175164750134339,7.414191760778625e+49,19,92.87356479978189
ZTF20actnzzk,74.873107599793,-2.5150731593679453e+40,1.1562953368182339e+42,0.137391578959289,1.2766100695895894e+50,17,90.91015039989725
ZTF20actkutp,114.78877315018326,-3.760333978951134e+40,7.61064008130417e+41,0.12084062053182568,1.316808900178569e+50,24,115.77880790038034
ZTF20actkmks,78.82609955011867,-5.378772458061601e+40,1.8112065076355577e+42,0.16868703365825402,3.5194060103176666e+50,23,91.7349769002758
ZTF20actawpa,75.76166664995253,-7.676970906953321e+40,2.82636278872756e+42,0.1347195712913418,8.972756784237582e+50,44,166.71680549997836
ZTF20acqexmr,62.78823495004326,-8.33126081511721e+39,6.819912578801578e+41,0.09832055783213929,3.121619304692761e+49,26,93.76581020001322
ZTF20acpevli,94.87743055005558,-4.455377246809723e+41,1.4282113006559966e+44,0.4829199679505427,4.584128932065164e+54,39,95.83084490010515
ZTF18abaeqpf,65.77628470002674,5.255316798403165e+40,6.207248814467268e+42,0.42496781910427794,2.6229540297802845e+51,16,101.74446760024875
ZTF20aclvtnk,96.86728584999219,6.812111668118562e+41,-1.2211691502281398e+42,0.04834971272330487,,17,105.33663190016523
ZTF20acjbhhp,66.84122105012648,-2.7714797411136935e+41,4.241910944355811e+42,0.4149165109512914,1.2054272065503415e+51,21,67.853171300143
ZTF20achusux,117.76469329977408,-1.4520731537348555e+41,7.041953768158055e+42,0.11443794685010349,1.6785639719201854e+52,39,118.8037846996449
ZTF20achuhlt,61.91145839984529,-5.556099032287508e+41,1.2046285229882496e+42,2.7181437359710054,4.061341464616476e+49,22,74.88357640011236
ZTF20achmmex,64.81550345011055,-4.831309609908319e+40,1.0029287290267671e+42,0.13267511847698504,7.023727213645909e+49,7,92.77399299992248
ZTF20achbejn,62.85101269977167,-2.9672599660024956e+40,1.7104089176877908e+42,0.2123129267563461,1.8172566711049894e+50,19,91.83553239982575
ZTF20acgided,96.92487850040197,-3.1995723420285145e+40,8.766309771723701e+47,0.08363486077610718,1.0728480087559434e+63,34,97.92604170041159
ZTF20acfkzcg,84.93769099982455,-4.254229993498113e+42,9.719525126141427e+41,0.1347528107889848,1.150641436706236e+50,74,112.89179399982095
ZTF20acfkyll,110.89589115022682,6.652607050229949e+37,1.449140712672409e+42,0.266174590166793,3.916850980320112e+50,34,111.96189810009673
ZTF20acfdmex,98.7290162499994,-3.01919156549861e+41,8.99298246331701e+41,0.1524844853667837,1.2884458179120287e+50,89,111.72604169975966
ZTF20accdijx,103.73588540032506,-2.206635149899844e+40,1.771947006110227e+42,0.1610473258979887,6.0399418595045384e+50,28,105.74559030029923
ZTF20abxkwbi,75.98234954988584,-1.3950088245831288e+43,-1.538672201402322e+42,0.08415601405724944,,30,84.00568290008232
ZTF20abyzprl,94.35534140025266,-8.9302545328361e+40,4.647495409662475e+42,0.45946687180195894,2.930838587102231e+51,44,118.78687500022352
ZTF20abykfsr,74.77190970000811,-4.583378545544269e+40,1.2761284131320497e+42,0.10675046041987478,1.6885142864164737e+50,29,75.79324069991708
ZTF20abjuxoy,94.79428239981644,-2.9946598796117593e+40,1.0147807256187269e+42,0.13894715738326013,1.5744941873481802e+50,42,109.74824080010876
ZTF20abjonjs,86.3592940501403,-2.705488119212095e+40,7.028722147637732e+41,0.08103153965993552,6.846830913948741e+49,40,109.87297460017726
ZTF20abjatqy,102.4229282499291,-5.308610769011033e+39,1.8835955144126968e+42,0.2690038211206579,5.80873576806009e+50,24,113.90881949989125
ZTF20abjaapj,87.81555559998378,-8.805021196812922e+41,1.6640490604853637e+42,0.17816486663128472,3.6211171019395277e+50,57,102.80278939986601
ZTF20abgoocl,66.90486684977077,1.7365931447772462e+43,9.792059985509709e+42,150.66687372317404,1.3982492266290918e+51,20,77.88417819980532
ZTF20abgtvhl,62.98898149980232,6.04410320628953e+42,-1.218919686765683e+42,0.08841281485696756,,39,64.96377319982275
ZTF20abfcdkj,65.07380785001442,4.963354842137573e+40,2.5315237240853536e+42,0.7965513415978421,3.13297616150017e+50,25,77.0533795999363
ZTF20abbpkpa,61.364670200040564,-8.842676989296357e+39,9.111673475100576e+41,0.08943366316147189,5.692904785131393e+49,21,80.77797459997237
ZTF20aaynrrh,131.61407979973592,-1.1470076820663194e+39,4.6183034344973115e+42,0.9575726831332687,4.7210810904516835e+51,32,334.0589582999237
ZTF20aavptjf,60.48560185008682,-1.2733829251223872e+40,1.6015187270222214e+42,0.16745637689344914,1.5562402869077246e+50,14,61.98138889996335
ZTF20aauqhka,88.90987850003876,-5.689138350023505e+40,3.88744398391191e+42,0.5949493651618142,1.6405847304331037e+51,23,90.93162039993331
ZTF20aauompx,78.41480325022712,-6.26790054046515e+39,7.257201129002363e+41,0.05837328149270605,6.570199270327777e+49,10,81.89188660029322
ZTF20aattoch,62.26960069988854,-2.349662970699269e+40,1.020240823789913e+42,0.06255229762215717,8.271353162674716e+49,20,75.73090279987082
ZTF20aaqepvb,73.83239004993811,-1.1568763150605176e+40,3.848935996623872e+41,0.03014658752709592,1.7849639168518227e+49,11,76.85063660005108
ZTF20aasjzhg,137.84814814990386,-1.203239982973661e+41,1.7678151349644776e+44,0.20257048028536362,2.0190188903904612e+55,32,229.2838888997212
ZTF20aasfhia,73.69618629990146,-3.162919280763152e+44,1.4772659442270093e+42,0.18315931370696642,1.928557802910018e+50,13,73.69642359996215
ZTF20aasijew,67.78847224987112,-4.370209676150893e+39,7.833447860917124e+41,0.16817843834567936,4.245629949539601e+49,13,79.80795140005648
ZTF20aapycrh,87.85028939996846,6.216662443808307e+39,3.679760852197699e+41,0.26154705171335413,1.2730151184291036e+49,25,90.85226859990507
ZTF20aapchqy,124.28688655002043,-3.7994609847161057e+39,6.8710841027837905e+40,0.02346228694461115,1.4049791941537783e+48,67,124.77700230013579
ZTF20aamttiw,87.97307289997116,-9.345462415220284e+39,2.2258667380528248e+42,0.1644493110360513,6.943438150880139e+50,22,130.8710763999261
ZTF19aawmcjt,114.66223380016163,-1.785178614299446e+45,7.398966436476862e+48,1275394.8806787815,1.450931723467935e+63,45,2454.323055600282
ZTF20aaifzfk,89.85192705015652,-9.326538768208237e+41,2.8193167582016984e+42,0.1436620768202815,1.2522153529506379e+51,18,96.89491900010034
ZTF20aahqbsr,94.40110534988344,-3.7736665965291144e+40,8.063595298087706e+41,0.08641854169140065,1.0880549493494364e+50,22,100.82403939962387
ZTF20aagnbes,106.39374425006099,-7.85700491520793e+40,1.1067944917738176e+42,0.13569896978218757,2.43117381180594e+50,49,106.89506949996576
ZTF20aafckit,63.98560765013099,2.152155840350929e+43,1.887111343147847e+42,0.16627079066916936,2.495184713436684e+50,29,74.9774306002073
ZTF19adaxzax,106.62589695025235,-7.539695618877106e+41,2.695491611313993e+43,45.921179805744565,4.548913106085841e+52,12,233.30651620030403
ZTF19aczlldp,61.02333904989064,7.281172591630122e+38,2.5959759284906417e+42,0.4021516385710868,3.5007470552355703e+50,14,76.98630779981613
ZTF19acytcsg,63.820989600149915,6.805465934369812e+40,2.1867199506629494e+42,0.217518835436525,3.159041633033997e+50,45,98.76192130008712
ZTF19acxowrr,78.74275464983657,-3.988355153136679e+43,-6.907094977480754e+41,0.8622931898731707,,64,84.70983800012618
ZTF19acanzwg,61.83431135001592,-2.4625875461550045e+41,2.063215485292137e+43,0.2981486657141764,3.3593984445697436e+52,36,119.73777779983357
ZTF19acszmgx,91.15888890018687,-5.588593129339597e+40,2.5743285914431048e+42,0.21080843174705943,9.535804812986893e+50,12,92.6649653003551
ZTF19acryurj,76.93672455009073,-4.750576302627795e+40,2.0434037391061145e+42,0.11768092419511225,4.794558688547255e+50,21,80.91504630027339
ZTF19acrcxri,76.45459490036592,-6.218897824840398e+40,4.83302621604699e+43,0.27671709349438317,3.3275881537859304e+53,16,77.94295140029863
ZTF19acmwfli,71.9515219500754,-2.3298564704423484e+40,1.6628665073135764e+42,0.05637995387016214,3.2897080140526486e+50,9,77.91752310004085
ZTF19aclobbu,113.28769674990326,-2.9712696234615664e+40,6.693326555868639e+41,0.06480613586231747,1.157504411905641e+50,74,115.77807869995013
ZTF19aceckmm,74.4773437003605,-3.7680277037102306e+40,5.878069187582457e+41,0.13002383458438457,2.9977281634600304e+49,7,127.7673495002091
ZTF19acewuwn,88.42666090000421,-3.651509804607847e+38,1.0057110254645725e+42,0.13928447468060304,1.3345204217276945e+50,22,89.91387729998678
ZTF19acctlps,84.92369209975004,-2.587235276208161e+40,2.070551826109851e+42,0.18508664991857687,5.341795881707204e+50,5,98.42226849962026
ZTF19acbrzzr,74.27005205000751,1.7487648595216478e+40,1.5248392531632684e+42,0.23780780529011641,1.9502643600540796e+50,10,75.77008099993691
ZTF19abzrdup,67.47719910019077,2.3232823449370427e+43,1.58686288766937e+43,-155.48984681728308,,28,154.78997689997777
ZTF19abxvtmn,72.02880210033618,4.5303793640438096e+42,3.6146609702112596e+42,0.6636892740226135,8.76242762686478e+50,32,72.03548610024154
ZTF19abwsagv,65.83714120020159,1.3776884559054428e+40,2.654315916121188e+42,0.46491447775525185,4.132458834596897e+50,16,70.87811340019107
ZTF19abxnycf,62.88722794968635,-1.871770957114743e+40,1.0816019817913611e+43,2.194372858210501,4.9705460616693615e+51,13,70.89913189969957
ZTF19abuzinv,100.18903929996304,-1.8030007349515447e+42,6.833169705332845e+41,0.049361771429476314,1.0100297308082823e+50,47,145.674305499997
ZTF19abqyoxt,62.458981449948624,-2.749610084564779e+39,7.815405245367147e+41,0.42221931666926077,2.7510475050638886e+49,23,106.73435179982334
ZTF19abukakm,64.38006944977678,-1.5145824193805607e+41,5.1541143346136446e+42,0.4508244229299571,1.6545659278292662e+51,16,87.85861109988764
ZTF19abudjie,62.376388899981976,-1.43609183258998e+42,7.252157501330523e+41,0.17004523380450623,3.0137890699126415e+49,26,125.63229169975966
ZTF19abrlvij,60.3757812497206,1.902114713556566e+41,1.3310704261328726e+42,0.4062315170387656,8.130387560258719e+49,33,62.874953699763864
ZTF19abjsmmv,63.907320600003004,-4.4253677038684336e+45,1.1416613545672458e+44,0.6870498887147943,1.1236724399076531e+54,24,83.89258099999279
ZTF19abkfxfb,65.45673614996485,-2.9521471755925257e+40,1.540185950767991e+42,0.14347398932142216,1.7626707262858784e+50,16,68.9543171999976
ZTF19abkfmjp,68.3442419001367,4.840063521760589e+42,-7.794207596595183e+42,10.266603456648404,,13,70.81263890024275
ZTF19abgiwkt,98.39907984994352,-1.3087448054154051e+41,4.8528607503490654e+41,0.42298926223901534,2.5556147212481096e+49,40,157.77978010009974
ZTF19abdkgwo,123.83644100022502,-4.852170244610861e+46,1.6876299941164946e+43,8944.00015123493,5.198867303834021e+51,111,212.66423610039055
ZTF19abbxykm,83.21813075034879,-1.1940062847492928e+43,9.037476889572045e+42,16.526938932371333,3.44882575966705e+51,41,102.85776620032266
ZTF19abcejsg,92.39303239970468,9.911036891327546e+40,-1.5954693860849756e+43,4438578695.385116,,24,138.7463773000054
ZTF19aazfvhh,102.21579284989275,-1.3768107480273067e+40,1.1192849641922205e+42,0.12727682053228648,2.3318300305663076e+50,20,104.71460649976507
ZTF19aawlgne,61.84849535021931,-5.119705178483332e+40,2.5008734730413784e+42,239457.67677511467,8.027608593249109e+48,162,2353.6246179998852
ZTF19aawgxdn,69.4645254497882,-3.324218012949504e+41,4.572261799305428e+42,0.19944193945085137,1.8842544474288602e+51,54,108.91780090006068
ZTF19aavbjfp,60.977343749953434,-2.5916657567069215e+42,1.892570352586608e+43,0.37424397687741723,2.5433829413908783e+52,38,74.97035879967734
ZTF19aauxxgk,83.42977435025387,-5.688707083221185e+40,2.195969316064929e+42,0.08670618723655489,7.2217350788779e+50,33,96.82454860024154
ZTF19aauishy,63.88997685024515,6.627736784438469e+39,7.46659786780782e+41,0.11818396124854672,3.735176605612135e+49,18,79.9016204001382
ZTF19aatlqdf,62.7731654997915,6.611262590236785e+41,7.942714809731634e+42,6.208944785201778,1.9064870437153297e+51,17,85.77890049992129
ZTF19aarykkb,81.2640509000048,-2.2042416308053035e+40,1.8829357899234203e+42,0.12531331851832436,4.431034660125268e+50,6,85.77754630008712
ZTF19aapafqd,112.30243055010214,-3.7723384936756095e+40,3.0479029023908894e+42,0.42511214088079363,1.7418757145471672e+51,27,116.78077539987862
ZTF19aaqxosb,70.42776619992219,-1.5713960316342024e+40,7.27628892563875e+41,0.06932039197510804,5.030069466379739e+49,21,93.91650460008532
ZTF19aapbfot,62.84064819966443,-2.831231253062441e+40,1.0711120681463899e+42,0.08300215330322548,8.646922836174419e+49,16,82.83215279970318
ZTF19aanovps,61.45098954997957,-4.108040059518318e+40,2.671589973481903e+42,0.22148677319226123,4.4649648845991714e+50,18,94.8746759002097
ZTF19aanqzle,76.5068808500655,1.2056725329052794e+41,-2.3087637954090463e+42,0.3648448700613752,,19,82.03743060026318
ZTF19aamtwiz,75.41330444975756,-2.5400579000791934e+40,2.1716302920100066e+42,0.19296755679946195,4.562723987600495e+50,15,79.88328709965572
ZTF19aaniore,93.72885999968275,-2.798721265350009e+40,1.4923813504584023e+42,0.14800845217916342,3.459399810253635e+50,29,114.69871529983357
ZTF19aaloqmd,87.41524304985069,1.9898003788462438e+39,1.8401811683695902e+42,0.2296617634486505,4.146431228972835e+50,15,88.9104398000054
ZTF19aakzash,70.4059838000685,7.382856781726231e+40,1.3079142425533106e+42,0.5827818934810731,9.759379128540926e+49,13,73.87568290019408
ZTF19aaeuhgo,122.83788194996305,-4.342129740114972e+41,9.255815044552176e+42,1.5454420505724065,1.5911745474817987e+52,60,223.71633110009134
ZTF19aakiyed,64.84064810024574,1.4579040724064974e+41,6.286432635387203e+42,0.2958171490059533,2.89506706737772e+51,16,69.7324768002145
ZTF19aailvhf,60.878177099861205,-1.9232607935078625e+40,1.0537933875237973e+42,0.08321739299233896,7.807789326039434e+49,7,63.877453699707985
ZTF19aadypig,76.34218745003454,-7.312853079060306e+44,6.752217729106836e+43,0.27704852447872486,6.8013651388805045e+53,10,77.84640040015802
ZTF18abtjmns,148.77023725025356,1.8706315456434574e+39,1.093769831942201e+42,0.407608228490228,3.5113649419864107e+50,82,1955.8413541000336
ZTF18acvwdkk,68.38879625010304,5.0398412048414835e+41,-8.968769026064335e+41,1.6756217058586835,,12,75.86989580001682
ZTF18abvejqt,109.78133100015111,4.468274460827724e+41,1.7395336226250737e+42,8.773594886039236,2.1335610202023464e+50,8,111.79190970025957
ZTF18acefuhk,63.49491894990206,1.383743429163647e+43,4.520854340118442e+43,1.1343334564267462,1.3170839285030592e+53,27,65.00883099995553
ZTF18abufaej,61.87895249994472,-9.465104638275174e+40,3.082647849450715e+42,0.39579515921076874,5.236404066848717e+50,8,67.89016199996695
ZTF18acqwdla,63.22103009978309,-5.913835654700873e+40,3.921226962404504e+42,0.36674680912722124,9.381005171858408e+50,11,90.75056710001081
ZTF18accmkud,60.389855349902064,-3.3004614688214325e+40,2.0287681515830717e+42,0.19475627838433146,2.4710033033304176e+50,11,62.88327550003305
ZTF18abvfecb,60.398153899936005,1.461416855374349e+44,2.441169574908676e+43,248.4235260454744,6.982756756057504e+51,13,65.81078699976206
ZTF18absldfl,71.34781829966232,-8.0767339929794875e+40,2.2736562813606567e+42,0.1800737391806384,4.57233272205645e+50,14,72.83736109966412
ZTF18abokyfk,72.32709485013038,-1.412583767783973e+40,1.0046399677320832e+42,0.10009305250055979,9.594089913312374e+49,16,82.81334490003064
ZTF18aaqkdwf,79.18901040009223,-7.202776832539071e+45,3.321007191283947e+47,197910.1437368568,1.4347784612815111e+60,4,179.27248839987442
ZTF18aavqdyq,93.33827550010756,-2.546222392866104e+40,8.676164001209651e+41,0.06848114645923062,1.3272817140369092e+50,28,109.74920139973983
ZTF18abaelhi,85.30024305009283,6.3428916616831555e+56,2.0848178564390603e+56,-3548675233831272.5,,141,2557.9443402001634
ZTF18aawyjjq,91.27709485008381,-5.4354155319089956e+42,-4.336158740424242e+43,0.15671820119337512,,28,105.7915277001448
ZTF18aabssth,149.24227435002103,-4.817741333966524e+39,5.597806337900716e+41,0.10595110663121049,1.2227022775764204e+50,122,2659.7620717999525
ZTF18aaayemw,137.71351275010966,-5.462725326977106e+39,2.6260639194104156e+42,0.9640724886983711,1.5406962833377048e+51,326,2650.662141200155
